INSERT INTO EXERCISE VALUES ('1e41a785-2825-4322-96e3-a3c7ebbf843c', 'Bench Press'), ('38352409-46b8-4a4a-8188-bc7916d65ef3', 'Machine Shoulder Press'), ('d2384ebd-42bf-4fa2-b539-b58d880f476c', 'Leg Press'), ('2a774eae-315e-4145-9b38-405adb1a385a', 'Lat Pulldown');
INSERT INTO PLAN VALUES ('3208ef5f-a9d5-456a-9ab2-01d1a4af451b', 'PPL'), ('0f1c2299-effc-428b-b82f-656a8478446d', 'UL');
INSERT INTO WORKOUT VALUES ('10f2b629-54e1-46e0-ab8f-c0bdba0c6987', 'Push 1'), ('21d1612c-efd5-4675-ac16-53c955947912', 'Pull 1'), ('ec21b963-37cf-4433-be32-825a914005a2', 'Upper 1'), ('ef74f724-530b-4991-8246-c366924b1ce6', 'Lower 1');
INSERT INTO WORKOUT_EXERCISES VALUES ('1e41a785-2825-4322-96e3-a3c7ebbf843c', '10f2b629-54e1-46e0-ab8f-c0bdba0c6987'), ('1e41a785-2825-4322-96e3-a3c7ebbf843c', 'ec21b963-37cf-4433-be32-825a914005a2'), ('38352409-46b8-4a4a-8188-bc7916d65ef3', '10f2b629-54e1-46e0-ab8f-c0bdba0c6987'), ('38352409-46b8-4a4a-8188-bc7916d65ef3', 'ec21b963-37cf-4433-be32-825a914005a2'), ('d2384ebd-42bf-4fa2-b539-b58d880f476c', 'ef74f724-530b-4991-8246-c366924b1ce6'), ('2a774eae-315e-4145-9b38-405adb1a385a', '21d1612c-efd5-4675-ac16-53c955947912'), ('2a774eae-315e-4145-9b38-405adb1a385a', 'ec21b963-37cf-4433-be32-825a914005a2');
INSERT INTO PLAN_WORKOUTS VALUES ('3208ef5f-a9d5-456a-9ab2-01d1a4af451b', '10f2b629-54e1-46e0-ab8f-c0bdba0c6987'), ('3208ef5f-a9d5-456a-9ab2-01d1a4af451b', '21d1612c-efd5-4675-ac16-53c955947912'), ('0f1c2299-effc-428b-b82f-656a8478446d', 'ec21b963-37cf-4433-be32-825a914005a2'), ('0f1c2299-effc-428b-b82f-656a8478446d', 'ef74f724-530b-4991-8246-c366924b1ce6');
INSERT INTO RECORD VALUES (12, 2, 0, 15, '2024-01-10', '1e41a785-2825-4322-96e3-a3c7ebbf843c', '0ffe0ea7-5c9f-4b6c-853a-195563304439'), (8, 1, 0, 20, '2024-01-10', '1e41a785-2825-4322-96e3-a3c7ebbf843c', '2cedf26b-6172-433a-951c-a138ab0e8877');
INSERT INTO WORKOUT_RECORDS VALUES ('0ffe0ea7-5c9f-4b6c-853a-195563304439', '10f2b629-54e1-46e0-ab8f-c0bdba0c6987'), ('2cedf26b-6172-433a-951c-a138ab0e8877', '10f2b629-54e1-46e0-ab8f-c0bdba0c6987');